"","Mean_GP","Sd_GP"
"1",0.0080152219141195,0.992343524888374
"2",-0.00853665946007808,1.00116570001262
"3",0.457310726557799,0.957819082272473
"4",0.921372100329248,0.934192761648044
"5",1.36188247936095,0.919961037878742
"6",1.82519542552594,0.901142268130896
"7",2.27262967779635,0.891338381343649
