"","Mean_g","Sd_g"
"1",0.0121517009670084,0.708921521361452
"2",0.0060308261318345,0.730419338084745
"3",0.859096827136574,0.677117419241891
