"","Mean_g","Sd_g"
"1",-0.00529309441628811,0.707699893333837
"2",-0.00131540257298124,0.704611518318412
"3",0.664636064007042,0.653272013903274
"4",1.4065791193233,0.561655052984033
"5",2.10940970057317,0.508361714629202
"6",2.70596528546244,0.458893253859846
"7",3.25298067697637,0.434237304684436
