"","Mean_g","Sd_g"
"1",0.00774897043683646,0.707139002486152
"2",-0.00457036724430754,0.707690081871079
"3",1.24355410016356,0.604593858388509
"4",2.33510074100372,0.530641902654298
"5",3.31925210647155,0.486263895581018
"6",4.191386693683,0.451517296971524
"7",5.00216195194184,0.41713169364259
