"","Mean_g","Sd_g"
"1",-8.61627500564315e-05,0.705075184661189
"2",-0.00394851763597074,0.706480490015783
"3",1.18482993423896,0.595298260547591
"4",1.21972695165174,0.584845863053317
"5",2.2219749751793,0.564551829341018
"6",2.26399176949633,0.560146508120275
"7",3.2306977624436,0.535040591442496
