"","Mean_g","Sd_g"
"1",0.00116452715527449,0.715921325518815
"2",-0.0338960666223799,0.697926243998775
"3",0.698451784320153,0.63917189358273
"4",1.56726710492441,0.625357417959262
"5",2.32610652275734,0.487096423298332
"6",2.86215248435333,0.459177454378648
"7",3.47406428596074,0.49431971731628
