"","Mean_g","Sd_g"
"1",-0.00561717826417495,0.704146869576818
"2",-0.00519209868814777,0.704324856615177
"3",0.866820381345154,0.663534979309674
"4",1.84672852393306,0.55344526850142
"5",2.5843684233501,0.494752144911139
"6",3.2577545834339,0.46823298999154
"7",3.85783073782389,0.429197648100703
