"","Mean_g","Sd_g"
"1",-0.0111894622171813,0.690901620365169
"2",-0.00361258074204627,0.710870204609671
"3",0.74547920321396,0.635195480377331
"4",1.42275229093502,0.640906505686904
"5",2.15126550957242,0.584993538211529
"6",2.7903697076279,0.576394684914288
"7",3.38009251142349,0.600248706323925
