"","Mean_g","Sd_g"
"1",-0.00960843395130973,0.706341447890938
"2",2.32895835331154e-05,0.703137501258553
"3",0.945652373906936,0.635485393952213
"4",0.960079166537888,0.639363893413263
"5",1.82142057042703,0.583237551904578
"6",1.82826653812153,0.590518500182102
"7",2.59850650522189,0.555742950170794
