"","Mean_g","Sd_g"
"1",0.000630165580454863,0.699802381489911
"2",-0.000370938425919291,0.708580409886602
"3",1.07521933483267,0.612266530908652
"4",1.12368613997365,0.600144446006471
"5",2.05340066070348,0.569303033358257
"6",2.08170106142492,0.565668230967921
"7",2.96981886574223,0.532835373523551
