"","Mean_g","Sd_g"
"1",-0.000137116313113133,0.706087969822959
"2",-0.000103204529134089,0.705845264780304
"3",1.02767482459796,0.635948019869661
"4",1.03466576001428,0.635647138990343
"5",1.93974814194813,0.607788105548833
"6",1.95661388225838,0.612536581936201
"7",2.81381008907982,0.585096106152717
