"","Mean_g","Sd_g"
"1",0.00501103466738328,0.702058708665794
"2",-0.00212269219802922,0.709638167032213
"3",0.804127029573851,0.651962520252161
"4",1.5895200370526,0.612246976727086
"5",2.31777753619241,0.572151408589584
"6",2.99249530329664,0.556683389124758
"7",3.6673183984836,0.536254731150461
