"","Mean_g","Sd_g"
"1",-0.000250095327055317,0.705884456134227
"2",-0.00161687903258256,0.708323558584003
"3",0.486725906602281,0.655740045056336
"4",0.923393270779973,0.634030907461078
"5",1.35285233132876,0.623103443627797
"6",1.7875742590144,0.61823453784846
"7",2.22935590557678,0.605097900808672
