"","Mean_g","Sd_g"
"1",-0.000882624885156271,0.707829037618832
"2",0.00356023083829743,0.704792578929155
"3",0.55230124888466,0.634638268996868
"4",1.07712899384799,0.60686001557796
"5",1.60140295254527,0.589770711162854
"6",2.11285670383526,0.577980355904093
"7",2.63476452284919,0.568191410568958
