"","Mean_g","Sd_g"
"1",-0.053110597094443,0.697057542487426
"2",-0.0141567051908771,0.730756734437282
"3",0.319914933352651,0.589709200058369
