"","Mean_g","Sd_g"
"1",0.00145633938562036,0.70675740714467
"2",0.00428546764312871,0.706948036633715
"3",0.887591898555194,0.646819197924523
"4",0.910113659603213,0.653273419575571
"5",1.70344698809961,0.627849218141178
"6",1.74085214459421,0.623457012431127
"7",2.50092237447787,0.600133033796627
