"","Mean_g","Sd_g"
"1",0.0353913886558379,0.658060150883691
"2",-0.0287239343097668,0.722544316891801
"3",0.372511089060425,0.673786386279072
