"","Mean_g","Sd_g"
"1",0.0904927519304182,0.705814815354505
"2",-0.0883966176161424,0.697479398726739
"3",0.319381651066274,0.67521983982001
