"","Mean_g","Sd_g"
"1",0.000321576961839738,0.712629074218713
"2",-0.000812311192482161,0.703578308054064
"3",0.681078783826415,0.654956861228796
"4",1.51208288731833,0.5514665301952
"5",2.18301053545961,0.505468529198147
"6",2.79064687150851,0.454816100694168
"7",3.29344939468073,0.432753136003986
