"","Mean_g","Sd_g"
"1",0.00529949127676055,0.701630348118701
"2",-0.0123779248708511,0.699225520473547
"3",0.633307537603016,0.707433010974156
"4",1.28910492105125,0.653522140583095
"5",1.83376057119362,0.615514120109494
"6",2.37378683227523,0.609355079950372
"7",2.90048101220771,0.619038284249749
