"","Mean_g","Sd_g"
"1",0.00372550671546848,0.707681784409423
"2",-2.96592466840192e-05,0.707124507212159
"3",0.545591806281368,0.667236312633533
"4",0.596849675946297,0.665415063314843
"5",1.21535258833514,0.606034596575056
"6",1.29061867060838,0.614787644530716
"7",1.83397175634154,0.578770867442698
