"","Mean_g","Sd_g"
"1",0.000839028335790682,0.701847806870701
"2",0.0121218363944774,0.700784880120872
"3",0.74581109933643,0.621611984517055
"4",0.743525614147552,0.621926604005997
"5",1.51269232619227,0.553697714225111
"6",1.49852440411274,0.562283748462853
"7",2.21794978291052,0.500331316844453
