"","Mean_g","Sd_g"
"1",4.33540698574769e-05,0.707491296788882
"2",-0.00107340334643754,0.70820832298673
"3",0.612664769187832,0.619374029905927
"4",1.18938536012285,0.590722776562937
"5",1.75164264528264,0.570720310056629
"6",2.30269244140368,0.56032418890305
"7",2.87229489563832,0.547185460106235
