"","Mean_g","Sd_g"
"1",-0.0357204586317269,0.734751188309144
"2",-0.0539388065559504,0.699081482547663
"3",0.744257496238384,0.644764783393361
"4",0.640997543362273,0.640301763850023
"5",1.76321245153119,0.482372658542434
"6",1.52197051370948,0.602786733196265
"7",2.43729378821417,0.444651115862169
