"","Mean_g","Sd_g"
"1",-8.12970813641836e-05,0.703468420540909
"2",-0.00271023209968661,0.704890758652956
"3",0.431206415420105,0.671103952562103
"4",0.879181052868048,0.639172725632337
"5",1.30645733102525,0.627506423377145
"6",1.72969004698911,0.611727691011691
"7",2.14023335022454,0.598530024540292
