"","Mean_g","Sd_g"
"1",0.00231262807582546,0.706725887356508
"2",-0.00113770635253427,0.706323928679901
"3",0.874176618222869,0.654977281220821
"4",1.70811763603606,0.627109838508646
"5",2.48693899793389,0.607035660657828
"6",3.2632226084232,0.588290370934823
"7",4.02020624314429,0.576927809691977
